﻿<?xml version="1.0" encoding="UTF-8"?>

<?xml-stylesheet type="text/xsl" href="act2.xsl"?>

<!DOCTYPE aula SYSTEM "act2.dtd">

<aula>
<alumno>
        <nombre>Manuel</nombre>
        <apellidos>Molina</apellidos>
        <dni>12345678a</dni>
        <sexo></sexo>
        <fechanacimiento>
              <dia>14</dia>
              <mes>01</mes>
              <anyo>1989</anyo>
        </fechanacimiento>
        <direccion>
              <calle>Jose Cerezo</calle>
              <localidad>Cadiz</localidad>
              <provincia>Cadiz</provincia>
              <codigopostal>11007</codigopostal>
        </direccion>
        <telefonos>
                <telefono tipo="fijo">123456789</telefono>
                <telefono tipo="movil">234567891</telefono>
        </telefonos>
        <media>10</media>
</alumno>
<alumno>
        <nombre>Anastasia</nombre>
        <apellidos>Bejarano</apellidos>
        <dni>34567891b</dni>
        <sexo>M</sexo>
        <fechanacimiento>
              <dia>02</dia>
              <mes>06</mes>
              <anyo>1950</anyo>
        </fechanacimiento>
        <direccion>
              <calle>Ana de villa</calle>
              <localidad>Cadiz</localidad>
              <provincia>Cadiz</provincia>
              <codigopostal>11008</codigopostal>
        </direccion>
        <telefonos>
        <telefono tipo="fijo">857980323</telefono>
         <telefono tipo="movil">608345724</telefono>
        </telefonos>
        <media>3</media>
</alumno>
<alumno>
        <nombre>Pelayo</nombre>
        <apellidos>Mir</apellidos>
        <dni>45678901c</dni>
        <sexo>H</sexo>
        <fechanacimiento>
              <dia>08</dia>
              <mes>12</mes>
              <anyo>1900</anyo>
        </fechanacimiento>
        <direccion>
              <calle>Goya</calle>
              <localidad>Cadiz</localidad>
              <provincia>Cadiz</provincia>
              <codigopostal>11011</codigopostal>
        </direccion>
        <telefonos>
        <telefono tipo="fijo">857098523</telefono>
         <telefono tipo="movil">699045611</telefono>
        </telefonos>
        <media>2</media>
</alumno>
<alumno>
        <nombre>Alexia</nombre>
        <apellidos>Rey</apellidos>
        <dni>56789012d</dni>
        <sexo>M</sexo>
        <fechanacimiento>
              <dia>14</dia>
              <mes>10</mes>
              <anyo>2001</anyo>
        </fechanacimiento>
        <direccion>
              <calle>Guadalquivir</calle>
              <localidad>Cadiz</localidad>
              <provincia>Cadiz</provincia>
              <codigopostal>11012</codigopostal>
        </direccion>
        <telefonos>
        <telefono tipo="fijo">856432165</telefono>
         <telefono tipo="movil">677445532</telefono>
        </telefonos>
        <media>8</media>
</alumno>
</aula>

