﻿<?xml version="1.0" encoding="UTF-8"?>

<!DOCTYPE TVSCHEDULE SYSTEM "tv.dtd">

<TVSCHEDULE NAME="HOLA">

<CHANNEL CHAN="CANAL1">
          <BANNER></BANNER>
          <DAY>
                  <DATE></DATE>
                  <HOLYDAY></HOLYDAY>
                  <PROGRAMSLOT VTR="S">
                            <TIME ></TIME>
                            <TITLE LANGUAGE= "CASTELLANO" RATING="PT"></TITLE>
                            <DESCRIPTION></DESCRIPTION>
                  </PROGRAMSLOT>
          </DAY>
</CHANNEL>
<CHANNEL CHAN="CANAL2">
          <BANNER></BANNER>
          <DAY>
                  <DATE></DATE>
                  <HOLYDAY></HOLYDAY>
          </DAY>
</CHANNEL>
<CHANNEL CHAN="CANAL3">
          <BANNER></BANNER>
          <DAY>
                  <DATE></DATE>
                 <PROGRAMSLOT >
                            <TIME ></TIME>
                            <TITLE ></TITLE>
                            <DESCRIPTION></DESCRIPTION>
                  </PROGRAMSLOT>
          </DAY>
</CHANNEL>


</TVSCHEDULE>
