﻿<?xml version="1.0" encoding="UTF-8"?>

<!DOCTYPE liga SYSTEM "ligav1.dtd">

<liga>
        <partido>
                <equipolocal>
                        <nombre>Nottingham Presa</nombre>
                        <numerogoles>0</numerogoles>
                </equipolocal>
                <equipovisitante>
                        <nombre>Inter de Mitente</nombre>
                        <numerogoles>1</numerogoles>
                </equipovisitante>
        </partido>
        <partido>
                <equipolocal>
                        <nombre>Vodka Juniors</nombre>
                        <numerogoles>3</numerogoles>
                </equipolocal>
                <equipovisitante>
                        <nombre>Sparta da Risa</nombre>
                        <numerogoles>3</numerogoles>
                </equipovisitante>
        </partido>
        <partido>
                <equipolocal>
                        <nombre>Water de Munich</nombre>
                        <numerogoles>4</numerogoles>
                </equipolocal>
                <equipovisitante>
                        <nombre>Esteaua es del grifo</nombre>
                        <numerogoles>2</numerogoles>
                </equipovisitante>
        </partido>
</liga>

