﻿<?xml version="1.0" encoding="UTF-8"?>

<!DOCTYPE liga SYSTEM "ligav2.dtd">

<liga>
        <partido>
                <equipolocal gol="">
                        <nombre>Nottingham Presa</nombre>
                </equipolocal>
                <equipovisitante gol="1">
                        <nombre>Inter de Mitente</nombre>
                </equipovisitante>
        </partido>
        <partido>
                <equipolocal  gol="3">
                        <nombre>Vodka Juniors</nombre>
                </equipolocal>
                <equipovisitante  gol="3">
                        <nombre>Sparta da Risa</nombre>
                </equipovisitante>
        </partido>
        <partido>
                <equipolocal  gol="4">
                        <nombre >Water de Munich</nombre>
                </equipolocal>
                <equipovisitante  gol="2">
                        <nombre>Esteaua es del grifo</nombre>
                </equipovisitante>
        </partido>
</liga>

