﻿<?xml version="1.0" encoding="UTF-8"?>

<!DOCTYPE liga SYSTEM "ligav3.dtd">

<liga>
        <partido>
                <equipolocal nombre="Nottigham Presa" gol="0" />
                <equipovisitante nombre="Inter de Mitente" gol="1" />
        </partido>
        <partido>
                <equipolocal nombre="Vodka Juniors" gol="3" />
                <equipovisitante nombre="Sparta da ris" gol="3" />
        </partido>
        <partido>
                <equipolocal nombre="Water de munich" gol="4" />
                <equipovisitante nombre="Esteaua es del grifo" gol="2" />
        </partido>
</liga>

