﻿<?xml version="1.0" encoding="UTF-8"?>

<!DOCTYPE FACTURA SYSTEM "factura.dtd">

<FACTURA NUMERO="N999">
              <DATOS_EMPRESA>
                      <NOMBRE>EQUIPOS DIGITALES S.L</NOMBRE>
                      <DIRECCION>
                              <AVENIDA>AV. VALLADOLID</AVENIDA>
                              <POBLACION>MADRID</POBLACION>
                              <CP>2815</CP>
                      </DIRECCION>
                      <CIF>Q-9876543</CIF>
                      <TELEFONO>91.777.66.88</TELEFONO>
                      <FAX>91.777.66.99</FAX>
              </DATOS_EMPRESA>
              <DATOS_PEDIDO NUMERO ="N731">
                      <FECHA>12-01-2005</FECHA>
                      <FORMAPAGO TIPO="EFECTIVO" />
              </DATOS_PEDIDO>
              <DATOS_CLIENTE NUMERO="N879">
                      <NOMBRE>DARIO</NOMBRE>
                      <APELLIDOS>BUENO GUTIERREZ</APELLIDOS>
                      <DIRECCION>
                              <AVENIDA>AV. OPORTO</AVENIDA>
                              <NUMERO>7</NUMERO>
                              <PISO>4</PISO>
                              <LETRA>D</LETRA>
                              <POBLACION>MADRID</POBLACION>
                              <CP>28043</CP>
                              <PROVINCIA>MADRID</PROVINCIA>
                      </DIRECCION>
              </DATOS_CLIENTE>
              <DATOS_FACTURA>
                    <PRODUCTOS>
                          <PRODUCTO REF="MII93000F/8">
                                  <DESCRIPCION>MICRO PENTIUM IV 3000MHZ FB800</DESCRIPCION>
                                  <CANTIDAD>1</CANTIDAD>
                                  <PRECIO>230</PRECIO>
                                  <IVA>16</IVA>
                                  <IMPORTE>266,80 eur</IMPORTE>
                          </PRODUCTO>
                          <PRODUCTO REF="MB8QDIP4">
                                  <DESCRIPCION>PLACA BASE QDI P4</DESCRIPCION>
                                  <CANTIDAD>1</CANTIDAD>
                                  <PRECIO>180</PRECIO>
                                  <IVA>16</IVA>
                                  <IMPORTE>208,80 eur</IMPORTE>
                          </PRODUCTO>
                          <PRODUCTO REF="MEDD512M32">
                                  <DESCRIPCION>DIMM DDR 512MB 3200</DESCRIPCION>
                                  <CANTIDAD>2</CANTIDAD>
                                  <PRECIO>40</PRECIO>
                                  <IVA>16</IVA>
                                  <IMPORTE>92,80 eur</IMPORTE>
                          </PRODUCTO>
                          <PRODUCTO REF="HD250GSA7">
                                  <DESCRIPCION>DISCO DURO 250GB S-ATA 7200</DESCRIPCION>
                                  <CANTIDAD>4</CANTIDAD>
                                  <PRECIO>120</PRECIO>
                                  <IVA>16</IVA>
                                  <IMPORTE>556,80</IMPORTE>
                          </PRODUCTO>
                    </PRODUCTOS>
                    <BASE_IMPONIBLE>970 EUR</BASE_IMPONIBLE>
                    <IVA>16%</IVA>
                    <CUOTA_IVA>155,20</CUOTA_IVA>
                    <TOTAL>1125,20</TOTAL>
              </DATOS_FACTURA>
</FACTURA>