﻿<?xml version="1.0" encoding="UTF-8"?>
<escuela>
      <curso id="1">
            <nombre>Iniciacion a html</nombre>
            <duracion>3 meses</duracion>
            <descripcion>Conocer las etiquetas imprescibles de html</descripcion>
            <becas />
            <aula informatica="si">
                          <numeroPlanta>1</numeroPlanta>
                          <numeroAula>1</numeroAula>
            </aula>
            <precio>
                          <precioAntiguosAlumnos>150€</precioAntiguosAlumnos>
                          <precioNuevosAlumnos>250€</precioNuevosAlumnos>
            </precio>
            <semanas>
                          <semana horario="mañana">
                                  <inicio>
                                        <dia>1</dia>
                                        <mes>enero</mes>
                                        <año>2022</año>
                                  </inicio>
                                  <fin>
                                        <dia>31</dia>
                                        <mes>marzo</mes>
                                        <año>2022</año>
                                  </fin>
                          </semana>
                          <semana horario="tarde">
                                  <inicio>
                                        <dia>1</dia>
                                        <mes>enero</mes>
                                        <año>2022</año>
                                  </inicio>
                                  <fin>
                                        <dia>31</dia>
                                        <mes>marzo</mes>
                                        <año>2022</año>
                                  </fin>
                          </semana>
                          <semana horario="tarde">
                                  <inicio>
                                        <dia>1</dia>
                                        <mes>marzo</mes>
                                        <año>2022</año>
                                  </inicio>
                                  <fin>
                                        <dia>31</dia>
                                        <mes>mayo</mes>
                                        <año>2022</año>
                                  </fin>
                          </semana>
            </semanas>
            <profesores>
                          <profesor tipo="teoria">
                                        <nombre>Cosimus</nombre>
                                        <apellidos>Veliz Alba</apellidos>
                          </profesor>
                          <profesor tipo="practica">
                                        <nombre>Cirenia</nombre>
                                        <apellidos>Serrano Mojica</apellidos>
                          </profesor>
            </profesores>
            <temas>
                          <tema numero="1">
                                    <titulo>Conceptos basicos</titulo>
                                    <resumen>Vocabulario y gramatica en el lenguaje HTML</resumen>
                                    <palabrasClave>Vocabulario, Gramatica, Ejemplos</palabrasClave>
                                    <ejercicios>
                                              <practicos>
                                                        <numeroDeEjercicios>30</numeroDeEjercicios>
                                                        <duracion>25 dias</duracion>
                                              </practicos>
                                              <teoricos>
                                                      <numeroDeEjercicios>30</numeroDeEjercicios>
                                                      <duracion>20 dias</duracion>
                                              </teoricos>
                                    </ejercicios>
                          </tema>
                          <tema numero="2">
                                    <titulo>Etiquetas del &lt;body&gt;</titulo>
                                    <resumen>Aprende a crear enlaces, listas, tablas y formularios</resumen>
                                    <palabrasClave>Enlaces, Listas, Tablas, Formulario</palabrasClave>
                                    <ejercicios>
                                              <practicos>
                                                        <numeroDeEjercicios>50</numeroDeEjercicios>
                                                        <duracion>25</duracion>
                                              </practicos>
                                              <teoricos>
                                                      <numeroDeEjercicios>30</numeroDeEjercicios>
                                                      <duracion>20 dias</duracion>
                                              </teoricos>
                                    </ejercicios>
                          </tema>
            </temas>
      </curso>
      <curso id="2">
            <nombre>Iniciación a CSS</nombre>
            <duracion>3 meses</duracion>
            <descripcion>Conoces las principales propiedades de CSS</descripcion>
            <becas />
            <aula informatica="si">
                          <numeroPlanta>1</numeroPlanta>
                          <numeroAula>2</numeroAula>
            </aula>
            <precio>
                          <precioAntiguosAlumnos>150€</precioAntiguosAlumnos>
                          <precioNuevosAlumnos>250€</precioNuevosAlumnos>
            </precio>
            <semanas>
                          <semana horario="mañana">
                                  <inicio>
                                        <dia>1</dia>
                                        <mes>enero</mes>
                                        <año>2022</año>
                                  </inicio>
                                  <fin>
                                        <dia>31</dia>
                                        <mes>marzo</mes>
                                        <año>2022</año>
                                  </fin>
                          </semana>
                          <semana horario="tarde">
                                  <inicio>
                                        <dia>1</dia>
                                        <mes>enero</mes>
                                        <año>2022</año>
                                  </inicio>
                                  <fin>
                                        <dia>31</dia>
                                        <mes>marzo</mes>
                                        <año>2022</año>
                                  </fin>
                          </semana>
                          <semana horario="tarde">
                                  <inicio>
                                        <dia>1</dia>
                                        <mes>marzo</mes>
                                        <año>2022</año>
                                  </inicio>
                                  <fin>
                                        <dia>31</dia>
                                        <mes>mayo</mes>
                                        <año>2022</año>
                                  </fin>
                          </semana>
            </semanas>
            <profesores>
                          <profesor tipo="teoria">
                                        <nombre>Leoncia</nombre>
                                        <apellidos>Dueñas Sauceda</apellidos>
                          </profesor>
                          <profesor tipo="practica">
                                        <nombre>Antipas</nombre>
                                        <apellidos>Gastelum Mata</apellidos>
                          </profesor>
            </profesores>
            <temas>
                          <tema numero="1">
                                    <titulo>Selectores y propiedades</titulo>
                                    <resumen>En este tema conoceremos los selectores y las principales propiedades y valores posibles</resumen>
                                    <palabrasClave>Selector, propiedad, valor</palabrasClave>
                                    <ejercicios>
                                              <practicos>
                                                        <numeroDeEjercicios>50</numeroDeEjercicios>
                                                        <duracion>30 dias</duracion>
                                              </practicos>
                                              <teoricos>
                                                      <numeroDeEjercicios>20</numeroDeEjercicios>
                                                      <duracion>15 dias</duracion>
                                              </teoricos>
                                    </ejercicios>
                          </tema>
                          <tema numero="2">
                                    <titulo>Posicionamiento</titulo>
                                    <resumen>Conoceremos dos de los principales posicionamientos, Flex y grid</resumen>
                                    <palabrasClave>Posicionamiento, Flex, Grid</palabrasClave>
                                    <ejercicios>
                                              <practicos>
                                                        <numeroDeEjercicios>40</numeroDeEjercicios>
                                                        <duracion>35 dias</duracion>
                                              </practicos>
                                              <teoricos>
                                                      <numeroDeEjercicios>20</numeroDeEjercicios>
                                                      <duracion>10 dias</duracion>
                                              </teoricos>
                                    </ejercicios>
                          </tema>
            </temas>
      </curso>
      <curso id="3">
            <nombre>Iniciación a Javascript</nombre>
            <duracion>3 meses</duracion>
            <descripcion>Conoce las principales caracteristicas de Javascript</descripcion>
            <nobecas />
            <aula informatica="si">
                          <numeroPlanta>1</numeroPlanta>
                          <numeroAula>3</numeroAula>
            </aula>
            <precio>
                          <precioAntiguosAlumnos>200</precioAntiguosAlumnos>
                          <precioNuevosAlumnos>300</precioNuevosAlumnos>
            </precio>
            <semanas>
                          <semana horario="mañana">
                                  <inicio>
                                        <dia>1</dia>
                                        <mes>enero</mes>
                                        <año>2022</año>
                                  </inicio>
                                  <fin>
                                        <dia>31</dia>
                                        <mes>marzo</mes>
                                        <año>2022</año>
                                  </fin>
                          </semana>
                          <semana horario="tarde">
                                  <inicio>
                                        <dia>1</dia>
                                        <mes>enero</mes>
                                        <año>2022</año>
                                  </inicio>
                                  <fin>
                                        <dia>31</dia>
                                        <mes>marzo</mes>
                                        <año>2022</año>
                                  </fin>
                          </semana>
                          <semana horario="tarde">
                                  <inicio>
                                        <dia>1</dia>
                                        <mes>marzo</mes>
                                        <año>2022</año>
                                  </inicio>
                                  <fin>
                                        <dia>31</dia>
                                        <mes>mayo</mes>
                                        <año>2022</año>
                                  </fin>
                          </semana>
            </semanas>
            <profesores>
                          <profesor tipo="teoria">
                                        <nombre>Rainero </nombre>
                                        <apellidos>Aguayo Chacón</apellidos>
                          </profesor>
                          <profesor tipo="practica">
                                        <nombre>Natacha</nombre>
                                        <apellidos>Marcos Bueno</apellidos>
                          </profesor>
            </profesores>
            <temas>
                          <tema numero="1">
                                    <titulo>Sintaxis básica</titulo>
                                    <resumen>Integración de codigo JavaScript con Html y entrada/salida de datos</resumen>
                                    <palabrasClave>Sintaxis</palabrasClave>
                                    <ejercicios>
                                              <practicos>
                                                        <numeroDeEjercicios>10</numeroDeEjercicios>
                                                        <duracion>30 dias</duracion>
                                              </practicos>
                                              <teoricos>
                                                      <numeroDeEjercicios>10</numeroDeEjercicios>
                                                      <duracion>15 dias</duracion>
                                              </teoricos>
                                    </ejercicios>
                          </tema>
                          <tema numero="2">
                                    <titulo>Principales metodos</titulo>
                                    <resumen>Metodos del lenguaje Javascript</resumen>
                                    <palabrasClave>Metodos</palabrasClave>
                                    <ejercicios>
                                              <practicos>
                                                        <numeroDeEjercicios>50</numeroDeEjercicios>
                                                        <duracion>30</duracion>
                                              </practicos>
                                              <teoricos>
                                                      <numeroDeEjercicios>20</numeroDeEjercicios>
                                                      <duracion>15</duracion>
                                              </teoricos>
                                    </ejercicios>
                          </tema>
            </temas>
      </curso>
</escuela>