﻿<?xml version="1.0" encoding="UTF-8"?>
<aula>
<alumno dni="">
<nombre></nombre>
<apellidos></apellidos>
<sexo></sexo>
<fechaDeNacimiento>
<dia></dia>
<mes></mes>
<anio></anio>
</fechaDeNacimiento>
<direccion></direccion>
<telefono tipo="fijo"></telefono>
<telefono tipo="movil"></telefono>
</alumno>
<alumno dni="12.345.678-A">
      <nombre>Mirabel</nombre>
        <apellidos>Marrero Tovar</apellidos>
        <sexo>Mujer</sexo>
        <fechaDeNacimiento>
                <dia>2</dia>
                <mes>Octubre</mes>
                <anio>2000</anio>
        </fechaDeNacimiento>
        <direccion>Calle Alcon Molina, 32 30800 Lorca</direccion>
        <telefono tipo="fijo">956 010 023</telefono>
        <telefono tipo="movil">670 681 903</telefono>
</alumno>
<alumno dni="23.456.781-A">
        <nombre>Jezebel</nombre>
        <apellidos>Najera Benavidez</apellidos>
        <sexo>Mujer</sexo>
        <fechaDeNacimiento>
                <dia>8</dia>
                <mes>Diciembre</mes>
                <anio>2000</anio>
        </fechaDeNacimiento>
        <direccion>Calle Arana,1 02435 Socovos</direccion>
        <telefono tipo="fijo">956 049 759</telefono>
        <telefono tipo="movil">750 448 327</telefono>
</alumno>
<alumno dni="34.567.891-S">
        <nombre>Marvin</nombre>
        <apellidos>Saldivar Gutierrez</apellidos>
        <sexo>Hombre</sexo>
        <fechaDeNacimiento>
                <dia>25</dia>
                <mes>Mayo</mes>
                <anio>2000</anio>
        </fechaDeNacimiento>
        <direccion> Calle Inglaterra, 6 18657 Nigüelas</direccion>
        <telefono tipo="fijo">956 320 394</telefono>
        <telefono tipo="movil">678 939 087</telefono>
</alumno>
<alumno dni="45.678.912-T">
        <nombre>Amatista</nombre>
        <apellidos>Rolón Arteaga</apellidos>
        <sexo>Mujer</sexo>
        <fechaDeNacimiento>
                <dia>12</dia>
                <mes>Octubre</mes>
                <anio>2000</anio>
        </fechaDeNacimiento>
        <direccion>Calle Cañada del rosal, 62 21595 Sanlúcar de Gaudiana</direccion>
        <telefono tipo="fijo">954 234 592</telefono>
        <telefono tipo="movil">790 797 534</telefono>
</alumno>
<alumno dni="56.789.123-P">
        <nombre>Iago</nombre>
        <apellidos>Nieto Hernández</apellidos>
        <sexo>Hombre</sexo>
        <fechaDeNacimiento>
                <dia>6</dia>
                <mes>Agosto</mes>
                <anio>2000</anio>
        </fechaDeNacimiento>
        <direccion>Avenida Andalucia, 96 29451 Parauta</direccion>
        <telefono tipo="fijo"></telefono>
        <telefono tipo="movil"></telefono>
</alumno>

</aula>
