﻿<?xml version="1.0" encoding="UTF-8"?>

<!DOCTYPE AULA [
<!ELEMENT AULA (ALUMNO+)>
<!ELEMENT ALUMNO (NOMBRE, APELLIDOS, SEXO?, FECHANACIMIENTO, TELEFONO, NOTAMEDIA)>
<!ELEMENT NOMBRE (#PCDATA)>
<!ELEMENT APELLIDOS (#PCDATA)>
<!ELEMENT SEXO (#PCDATA)>
<!ELEMENT FECHANACIMIENTO (DIA, MES, ANIO)>
<!ELEMENT DIA (#PCDATA)>
<!ELEMENT MES (#PCDATA)>
<!ELEMENT ANIO (#PCDATA)>
<!ELEMENT TELEFONO (#PCDATA)>
<!ELEMENT NOTAMEDIA (#PCDATA)>
<!ATTLIST ALUMNO DNI ID #REQUIRED>
<!ATTLIST FECHANACIMIENTO ZODIACO (ARIES|TAURO|GEMINIS|CANCER|LEO|VIRGO|LIBRA|ESCORPIO|SAGITARIO|CAPRICORNIO|ACUARIO|PISCIS) "CAPRICORNIO">
<!ATTLIST TELEFONO TIPO (FIJO|MOVIL) "FIJO">
]>

<AULA>
  <ALUMNO DNI="W998991839">
    <NOMBRE></NOMBRE>
    <APELLIDOS></APELLIDOS>
    <SEXO></SEXO>
    <FECHANACIMIENTO ZODIACO="CAPRICORNIO">
          <DIA></DIA>
          <MES></MES>
          <ANIO></ANIO>
    </FECHANACIMIENTO>
    <TELEFONO TIPO="FIJO"></TELEFONO>
    <NOTAMEDIA></NOTAMEDIA>
  </ALUMNO>
</AULA>