﻿<?xml version="1.0" encoding="UTF-8"?>

<!DOCTYPE cartelera[

<!ELEMENT cartelera (pelicula+)>
<!ELEMENT pelicula (titulo, nacionalidad, duracion, director, actores, descripcion)>
<!ELEMENT titulo (#PCDATA)>
<!ELEMENT nacionalidad (#PCDATA)>
<!ELEMENT duracion (#PCDATA)>
<!ELEMENT director (#PCDATA)>
<!ELEMENT actores (actor+)>
<!ELEMENT actor (nombre, apellidos)>
<!ELEMENT nombre (#PCDATA)>
<!ELEMENT apellidos (#PCDATA)>
<!ELEMENT descripcion (#PCDATA)>
<!ATTLIST pelicula estreno CDATA #IMPLIED>
<!ATTLIST actor tipo (principal|reparto) "principal">
]>

<cartelera>
        <pelicula estreno="">
              <titulo></titulo>
              <nacionalidad> </nacionalidad>
              <duracion></duracion>
              <director></director>
              <actores>
                    <actor tipo="principal">
                            <nombre></nombre>
                            <apellidos></apellidos>
                      </actor>
              </actores>
              <descripcion></descripcion>
       </pelicula>
</cartelera>