﻿<?xml version="1.0" encoding="UTF-8"?>


<!DOCTYPE competicion [
<!ELEMENT competicion (equipo+)>
<!ELEMENT equipo (nombre, nacionalidad, presupuesto?, (normal | doble), sweepers, pista, fechafundacion)>
<!ELEMENT nacionalidad (#PCDATA)>
<!ELEMENT presupuesto (#PCDATA)>
<!ELEMENT normal EMPTY>
<!ELEMENT doble EMPTY>
<!ELEMENT sweepers (sweeper+)>
<!ELEMENT sweeper (nombre, apellidos, edad, sexo)>
<!ELEMENT nombre (#PCDATA)>
<!ELEMENT apellidos (#PCDATA)>
<!ELEMENT edad (#PCDATA)>
<!ELEMENT sexo (#PCDATA)>
<!ELEMENT pista (nombre, asientos, direccion)>
<!ELEMENT asientos (#PCDATA)>
<!ELEMENT direccion (calle, numero, poblacion, cp?, provincia)>
<!ELEMENT calle (#PCDATA)>
<!ELEMENT numero (#PCDATA)>
<!ELEMENT poblacion (#PCDATA)>
<!ELEMENT cp (#PCDATA)>
<!ELEMENT provincia (#PCDATA)>
<!ELEMENT fechafundacion (dia, mes, anyo)>
<!ELEMENT dia (#PCDATA)>
<!ELEMENT mes (#PCDATA)>
<!ELEMENT anyo (#PCDATA)>
<!ATTLIST competicion anyo CDATA #IMPLIED>
<!ATTLIST sweeper dni ID #REQUIRED>

]>

<competicion anyo="">
        <equipo>
              <nombre></nombre>
                <nacionalidad></nacionalidad>
                <presupuesto></presupuesto>
                <normal />
                <sweepers>
                      <sweeper dni="w839479203">
                            <nombre></nombre>
                            <apellidos></apellidos>
                            <edad></edad>
                            <sexo></sexo>
                      </sweeper>
                </sweepers>
                <pista>
                      <nombre></nombre>
                      <asientos></asientos>
                      <direccion>
                              <calle></calle>
                              <numero></numero>
                              <poblacion></poblacion>
                              <cp></cp>
                              <provincia></provincia>
                      </direccion>
                </pista>
                <fechafundacion>
                      <dia></dia>
                      <mes></mes>
                      <anyo></anyo>
                </fechafundacion>
        </equipo>
</competicion>