﻿<?xml version="1.0" encoding="UTF-8"?>

<!DOCTYPE escuela[

<!ELEMENT escuela (curso+)>
<!ELEMENT curso (nombre, duracion, descripcion, (becas|nobecas), aula, precio, semanas, profesores, temas)>
<!ELEMENT nombre (#PCDATA)>
<!ELEMENT duracion (#PCDATA)>
<!ELEMENT descripcion (#PCDATA)>
<!ELEMENT becas EMPTY>
<!ELEMENT nobecas EMPTY>
<!ELEMENT aula (planta, numaula)>
<!ELEMENT planta (#PCDATA)>
<!ELEMENT numaula (#PCDATA)>
<!ELEMENT precio (antiguosalumnos, nuevosalumnos)>
<!ELEMENT  antiguosalumnos (#PCDATA)>
<!ELEMENT nuevosalumnos (#PCDATA)>
<!ELEMENT semanas (semana, semana, semana+)>
<!ELEMENT semana (inicio, fin)>
<!ELEMENT inicio (dia, mes, anyo)>
<!ELEMENT dia (#PCDATA)>
<!ELEMENT mes (#PCDATA)>
<!ELEMENT anyo (#PCDATA)>
<!ELEMENT fin (dia, mes, anyo)>
<!ELEMENT profesores (profesor, profesor+)>
<!ELEMENT profesor (nombre, apellidos)>
<!ELEMENT apellidos (#PCDATA)>
<!ELEMENT temas (tema+)>
<!ELEMENT tema (titulo, resumen, palabrasclave, ejercicios)>
<!ELEMENT titulo (#PCDATA)>
<!ELEMENT resumen (#PCDATA)>
<!ELEMENT palabrasclave (#PCDATA)>
<!ELEMENT ejercicios (practicos, teoricos)>
<!ELEMENT practicos (numeroejerciciospracticos, duracion)>
<!ELEMENT numeroejerciciospracticos (#PCDATA)>
<!ELEMENT teoricos (numeroejerciciosteoricos, duracion)>
<!ELEMENT numeroejerciciosteoricos (#PCDATA)>

<!ATTLIST curso identificador ID #REQUIRED>
<!ATTLIST aula informatica (si|no) "si">
<!ATTLIST semana horario (mañana|tarde) "mañana">
<!ATTLIST profesor tipo (teoria|practica) "teoria">
<!ATTLIST tema numero CDATA #REQUIRED>
]>

<escuela>
      <curso identificador="a23">
              <nombre></nombre>
              <duracion></duracion>
              <descripcion></descripcion>
             <nobecas />
              <aula informatica="si">
                      <planta></planta>
                      <numaula></numaula>
              </aula>
              <precio>
                      <antiguosalumnos></antiguosalumnos>
                      <nuevosalumnos></nuevosalumnos>
              </precio>
              <semanas>
                    <semana horario="mañana">
                        <inicio>
                            <dia></dia>
                            <mes></mes>
                            <anyo></anyo>
                        </inicio>
                        <fin>
                            <dia></dia>
                            <mes></mes>
                            <anyo></anyo>
                        </fin>
                    </semana>
                    <semana horario="tarde">
                        <inicio>
                            <dia></dia>
                            <mes></mes>
                            <anyo></anyo>
                        </inicio>
                        <fin>
                            <dia></dia>
                            <mes></mes>
                            <anyo></anyo>
                        </fin>
                    </semana>
                    <semana horario="mañana">
                        <inicio>
                            <dia></dia>
                            <mes></mes>
                            <anyo></anyo>
                        </inicio>
                        <fin>
                            <dia></dia>
                            <mes></mes>
                            <anyo></anyo>
                        </fin>
                    </semana>
              </semanas>
              <profesores>
                    <profesor tipo="teoria">
                              <nombre></nombre>
                              <apellidos></apellidos>
                    </profesor>
                    <profesor tipo="practica">
                              <nombre></nombre>
                              <apellidos></apellidos>
                    </profesor>
              </profesores>
              <temas>
                    <tema numero="1">
                        <titulo></titulo>
                        <resumen></resumen>
                        <palabrasclave></palabrasclave>
                        <ejercicios>
                                  <practicos>
                                          <numeroejerciciospracticos></numeroejerciciospracticos>
                                          <duracion></duracion>
                                    </practicos>
                                    <teoricos>
                                          <numeroejerciciosteoricos></numeroejerciciosteoricos>
                                          <duracion></duracion>
                                    </teoricos>
                        </ejercicios>
                        </tema>
              </temas>
      </curso>
</escuela>