﻿<?xml version="1.0" encoding="UTF-8"?>
<cartelera>
      <pelicula estreno="4 de marzo de 2022">
            <titulo>The Batman</titulo>
            <nacionalidad>Estadounidense</nacionalidad>
            <duracion>
                  <horas>2</horas>
                  <minutos>56</minutos>
            </duracion>
            <director>Matt Reeves</director>
            <actores>
                 <actor tipo="principal">
                        <nombre>Robert</nombre>
                        <apellidos>Pattinson</apellidos>
                  </actor> 
                  <actor tipo="reparto">
                        <nombre>Andy</nombre>
                        <apellidos>Serkis</apellidos>
                  </actor>
            </actores>
            <descripcion>En el segundo año de su lucha contra el crimen, Batman investiga la corrupción que recorre Gotham City y como conduce hasta su propia familia, mientras se enfrenta a un asesino conocido como Enigma</descripcion>
      </pelicula>
      <pelicula estreno="18 de febrero de 2022">
            <titulo>Super...¿quién?</titulo>
            <nacionalidad>francesa</nacionalidad>
            <duracion>
                  <horas>1</horas>
                  <minutos>22</minutos>
            </duracion>
            <director>Philippe Lacheau</director>
            <actores>
                 <actor tipo="principal">
                        <nombre>Philippe</nombre>
                        <apellidos>Lacheau</apellidos>
                  </actor> 
                  <actor tipo="reparto">
                        <nombre>Alice</nombre>
                        <apellidos>Dufour</apellidos>
                  </actor>
            </actores>
            <descripcion>Cedric intenta ganarse la vida como actor, pero paree destinado al fracaso. Hasta que consigue un papel protagonista: el de superhéroe Badman</descripcion>
      </pelicula>
      <pelicula estreno="11 de febrero de 2022">
            <titulo>Uncharted</titulo>
            <nacionalidad>Estadounidense</nacionalidad>
            <duracion>
                  <horas>1</horas>
                  <minutos>56</minutos>
            </duracion>
            <director>Ruben Fleischer</director>
            <actores>
                 <actor tipo="principal">
                        <nombre>Tom</nombre>
                        <apellidos>Holland</apellidos>
                  </actor> 
                  <actor tipo="reparto">
                        <nombre>Sophia</nombre>
                        <apellidos>Ali</apellidos>
                  </actor>
            </actores>
            <descripcion>Nathan Drake y su compañero Victor Sullivan se adentran en la peligrosa búsqueda del mayor tesoro jamas encontrado. Al mismo tiempo, rastrean pistas que puedan conducir al hermano perdido de Drake</descripcion>
      </pelicula>
</cartelera>